Model,MAE,RMSE,MAPE,Surge_F1,Surge_Precision,Surge_Recall
DLinear,6.662879666666666,8.363185433333333,12.916442333333334,0.037037037037037035,0.0769230769230769,0.024390243902439
XGBoost,6.952066899999999,8.772341666666668,13.403687,0.10246039770812267,0.19047619047619047,0.0817177402543256
TimeSeriesTransformer,7.5006232666666675,9.496720666666667,14.498136666666666,0.050724637681159396,0.0457516339869281,0.05691056910569103
Ridge,7.704871233333333,9.850529,14.775045333333333,0.13227513227513227,0.14069487444100445,0.14084816523840912
LSTM,8.088077,10.345700666666668,15.106794,0.06471306471306466,0.20760233918128654,0.06591957811470003
