MAE,RMSE,MAPE,Surge_Precision,Surge_Recall,Surge_F1,Model,Fold
7.828718,9.87073,15.365858,0.17647058823529413,0.08108108108108109,0.11111111111111113,Ridge,0
7.1230936,8.771405,14.256994,0.0,0.0,0.0,XGBoost,0
8.054643,10.247147,15.304547,0.0,0.0,0.0,Ridge,1
6.6277137,8.788503,12.522414,0.25,0.02564102564102564,0.04651162790697674,XGBoost,1
7.2312527,9.43371,13.654731,0.24561403508771928,0.34146341463414637,0.28571428571428575,Ridge,2
7.1053934,8.757117,13.431653,0.32142857142857145,0.21951219512195122,0.2608695652173913,XGBoost,2
