MAE,RMSE,MAPE,Surge_Precision,Surge_Recall,Surge_F1,Model,Fold
7.337598,9.321953,13.889848,0.5,0.02702702702702703,0.05128205128205129,LSTM,0
6.920166,8.40662,13.780382,0.0,0.0,0.0,DLinear,0
8.337595,11.145892,15.260923,0.0,0.0,0.0,LSTM,1
6.832974,8.917812,13.003665,0.0,0.0,0.0,DLinear,1
8.589038,10.569257,16.169611,0.12280701754385964,0.17073170731707318,0.14285714285714288,LSTM,2
6.235499,7.7651243,11.96528,0.23076923076923078,0.07317073170731707,0.1111111111111111,DLinear,2
