MAE,RMSE,MAPE,Surge_Precision,Surge_Recall,Surge_F1,Model,Fold
6.9024744,8.717015,13.468717,0.0,0.0,0.0,TimeSeriesTransformer,0
8.682624,10.782262,16.749018,0.0,0.0,0.0,TimeSeriesTransformer,1
6.9167714,8.990885,13.276675,0.13725490196078433,0.17073170731707318,0.15217391304347827,TimeSeriesTransformer,2
